Date, ISIN, Scrip Name, NSE Symbol, MWPL, NSE Open Interest
07-MAY-2021,INE522F01014,COAL INDIA LTD,COALINDIA,417418754,75667200
07-MAY-2021,INE860A01027,HCL TECHNOLOGIES LTD,HCLTECH,215294964,39981900
07-MAY-2021,INE584A01023,NMDC LTD.,NMDC,185864391,93471700
07-MAY-2021,INE038A01020,HINDALCO  INDUSTRIES  LTD,HINDALCO,292503957,66409200
07-MAY-2021,INE733E01010,NTPC LTD,NTPC,948263976,110773800
07-MAY-2021,INE021A01026,ASIAN PAINTS LIMITED,ASIANPAINT,90562627,6127500
07-MAY-2021,INE042A01014,ESCORTS INDIA LTD,ESCORTS,14069761,5548400
07-MAY-2021,INE208A01029,ASHOK LEYLAND LTD,ASHOKLEY,282181803,52353000
07-MAY-2021,INE935A01035,GLENMARK PHARMACEUTICALS,GLENMARK,30120187,16695700
07-MAY-2021,INE018I01017,MINDTREE LIMITED,MINDTREE,12809266,2352000
07-MAY-2021,INE205A01025,VEDANTA LIMITED,VEDL,331276938,138340600
07-MAY-2021,INE749A01030,JINDAL STEEL & POWER LTD,JINDALSTEL,80645614,42047500
07-MAY-2021,INE092A01019,TATA CHEMICALS LTD,TATACHEM,31601465,25321000
07-MAY-2021,INE216A01030,BRITANNIA INDUSTRIES LTD,BRITANNIA,23823080,3031400
07-MAY-2021,INE066A01021,EICHER MOTORS LTD,EICHERMOT,27754330,3462550
07-MAY-2021,INE844O01030,GUJARAT GAS LIMITED,GUJGASLTD,53841317,1206250
07-MAY-2021,INE600L01024,DR. LAL PATH LABS LTD.,LALPATHLAB,7318541,630000
07-MAY-2021,INE148I01020,INDIABULLS HSG FIN LTD,IBULHSGFIN,68907318,37944000
07-MAY-2021,INE180A01020,MAX FINANCIAL SERV LTD,MFSL,42200548,2446600
07-MAY-2021,INE012A01025,ACC LIMITED,ACC,17078428,3255500
07-MAY-2021,INE761H01022,PAGE INDUSTRIES LTD,PAGEIND,1152956,66600
07-MAY-2021,INE752E01010,POWER GRID CORP. LTD.,POWERGRID,509143448,32660000
07-MAY-2021,INE171A01029,FEDERAL BANK LTD,FEDERALBNK,393383971,94800000
07-MAY-2021,INE044A01036,SUN PHARMACEUTICAL IND L,SUNPHARMA,218440087,65153200
07-MAY-2021,INE062A01020,STATE BANK OF INDIA,SBIN,747021615,165630000
07-MAY-2021,INE160A01022,PUNJAB NATIONAL BANK,PNB,484711308,398144000
07-MAY-2021,INE271C01023,DLF LIMITED,DLF,124016568,48529800
07-MAY-2021,INE002S01010,MAHANAGAR GAS LTD.,MGL,13335005,1903800
07-MAY-2021,INE191H01014,PVR LIMITED,PVR,10078782,2866908
07-MAY-2021,INE002A01018,RELIANCE INDUSTRIES LTD,RELIANCE,649283436,57552000
07-MAY-2021,INE134E01011,POWER FIN CORP LTD.,PFC,232357926,60654600
07-MAY-2021,INE376G01013,BIOCON LIMITED.,BIOCON,92161410,38674500
07-MAY-2021,INE686F01025,UNITED BREWERIES LTD,UBL,22357672,1232000
07-MAY-2021,INE048G01026,NAVIN FLUORINE INT. LTD,NAVINFLUOR,6908699,956925
07-MAY-2021,INE476A01014,CANARA BANK,CANBK,101005708,79698600
07-MAY-2021,INE787D01026,BALKRISHNA IND. LTD,BALKRISIND,16124234,1944400
07-MAY-2021,INE121A01024,CHOLAMANDALAM IN & FIN CO,CHOLAFIN,79347436,9161250
07-MAY-2021,INE721A01013,SHRIRAM TRANSPORT FIN CO.,SRTRANSFIN,37207932,5474800
07-MAY-2021,INE010V01017,L&T TECHNOLOGY SER. LTD.,LTTS,5411784,904400
07-MAY-2021,INE813H01021,TORRENT POWER LTD,TORNTPOWER,44634693,2065500
07-MAY-2021,INE070A01015,SHREE CEMENT LIMITED,SHREECEM,2702190,159875
07-MAY-2021,INE256A01028,ZEE ENTERTAINMENT ENT LTD,ZEEL,184437638,100389000
07-MAY-2021,INE917I01010,BAJAJ AUTO LIMITED,BAJAJ-AUTO,26795423,3126500
07-MAY-2021,INE481G01011,ULTRATECH CEMENT LIMITED,ULTRACEMCO,23075539,3214300
07-MAY-2021,INE238A01034,AXIS BANK LIMITED,AXISBANK,516425010,61335600
07-MAY-2021,INE009A01021,INFOSYS LIMITED,INFY,738692755,46075200
07-MAY-2021,INE089A01023,DR. REDDY'S LABORATORIES,DRREDDY,24252980,5253625
07-MAY-2021,INE647A01010,SRF LTD,SRF,5833741,1265500
07-MAY-2021,INE127D01025,HDFC AMC LIMITED,HDFCAMC,11109213,1090000
07-MAY-2021,INE296A01024,BAJAJ FINANCE LIMITED,BAJFINANCE,52679316,7982375
07-MAY-2021,INE280A01028,TITAN COMPANY LIMITED,TITAN,83636848,9436875
07-MAY-2021,INE092T01019,IDFC FIRST BANK LIMITED,IDFCFIRSTB,682510320,207052500
07-MAY-2021,INE016A01026,DABUR INDIA LTD,DABUR,115310833,22687500
07-MAY-2021,INE263A01024,BHARAT ELECTRONICS LTD,BEL,238123793,51607800
07-MAY-2021,INE075A01022,WIPRO LTD,WIPRO,291745998,51049600
07-MAY-2021,INE414G01012,MUTHOOT FINANCE LIMITED,MUTHOOTFIN,21346396,4245750
07-MAY-2021,INE669E01016,VODAFONE IDEA LIMITED,IDEA,1606294231,886760000
07-MAY-2021,INE140A01024,PIRAMAL ENTERPRISES LTD,PEL,24004709,3926175
07-MAY-2021,INE111A01025,CONTAINER CORP OF IND LTD,CONCOR,55081874,8340168
07-MAY-2021,INE849A01020,TRENT LTD,TRENT,44787316,1411575
07-MAY-2021,INE047A01021,GRASIM INDUSTRIES LTD,GRASIM,76294050,16025550
07-MAY-2021,INE797F01012,JUBILANT FOODWORKS LTD,JUBLFOOD,15279102,2211000
07-MAY-2021,INE663F01024,INFO EDGE (I) LTD,NAUKRI,15811725,1295375
07-MAY-2021,INE001A01036,HDFC LTD,HDFC,360789286,22032600
07-MAY-2021,INE155A01022,TATA MOTORS LIMITED,TATAMOTORS,355884551,158804850
07-MAY-2021,INE154A01025,ITC LTD,ITC,2458868441,214073600
07-MAY-2021,INE090A01021,ICICI BANK LTD.,ICICIBANK,1087891558,108968750
07-MAY-2021,INE437A01024,APOLLO HOSPITALS ENTER. L,APOLLOHOSP,20181931,2699000
07-MAY-2021,INE854D01024,UNITED SPIRITS LIMITED,MCDOWELL-N,62845623,15958750
07-MAY-2021,INE095A01012,INDUSIND BANK LIMITED,INDUSINDBK,107808248,28871100
07-MAY-2021,INE591G01017,COFORGE LIMITED,COFORGE,4364217,2475950
07-MAY-2021,INE237A01028,KOTAK MAHINDRA BANK LTD,KOTAKBANK,293250080,17439600
07-MAY-2021,INE040A01034,HDFC BANK LTD,HDFCBANK,664007024,44025300
07-MAY-2021,INE918I01018,BAJAJ FINSERV LTD.,BAJAJFINSV,12420001,1559450
07-MAY-2021,INE795G01014,HDFC LIFE INS CO LTD,HDFCLIFE,166179919,23064800
07-MAY-2021,INE203G01027,INDRAPRASTHA GAS LTD,IGL,77000080,7026250
07-MAY-2021,INE214T01019,L&T INFOTECH LIMITED,LTI,8993314,607200
07-MAY-2021,INE484J01027,GODREJ PROPERTIES LTD,GODREJPROP,23101903,2819050
07-MAY-2021,INE226A01021,VOLTAS LTD,VOLTAS,46126252,4493000
07-MAY-2021,INE182A01018,PFIZER LTD,PFIZER,3300938,339375
07-MAY-2021,INE347G01014,PETRONET LNG LIMITED,PETRONET,150000017,20511000
07-MAY-2021,INE646L01027,INTERGLOBE AVIATION LTD,INDIGO,19372475,4584500
07-MAY-2021,INE491A01021,CITY UNION BANK LTD,CUB,147764422,6289900
07-MAY-2021,INE121J01017,INDUS TOWERS LIMITED,INDUSTOWER,162488466,12619600
07-MAY-2021,INE356A01018,MPHASIS LIMITED,MPHASIS,16447827,1172275
07-MAY-2021,INE323A01026,BOSCH LIMITED,BOSCHLTD,1737683,108550
07-MAY-2021,INE003A01024,SIEMENS LTD,SIEMENS,17806068,986975
07-MAY-2021,INE123W01016,SBI LIFE INSURANCE CO LTD,SBILIFE,88605984,15457500
07-MAY-2021,INE326A01037,LUPIN LIMITED,LUPIN,48216495,15878850
07-MAY-2021,INE114A01011,STEEL AUTHORITY OF INDIA,SAIL,289139949,230498500
07-MAY-2021,INE467B01029,TATA CONSULTANCY SERV LT,TCS,205769415,10415700
07-MAY-2021,INE245A01021,TATA POWER CO LTD,TATAPOWER,339616396,171868500
07-MAY-2021,INE115A01026,LIC HOUSING FINANCE LTD,LICHSGFIN,60244101,10336000
07-MAY-2021,INE397D01024,BHARTI AIRTEL LIMITED,BHARTIARTL,476925472,126932325
07-MAY-2021,INE129A01019,GAIL (INDIA) LTD,GAIL,424853799,50398200
07-MAY-2021,INE298J01013,NIPPON L I A M LTD,NAM-INDIA,31495334,1872000
07-MAY-2021,INE976G01028,RBL BANK LIMITED,RBLBANK,96258956,44587500
07-MAY-2021,INE949L01017,AU SMALL FINANCE BANK LTD,AUBANK,44662836,6579500
07-MAY-2021,INE335Y01012,INDIAN RAIL TOUR CORP LTD,IRCTC,10433113,2506725
07-MAY-2021,INE498L01015,L&T FINANCE HOLDINGS LTD,L&TFH,179688226,68375688
07-MAY-2021,INE406A01037,AUROBINDO PHARMA LTD,AUROPHARMA,56324627,13467350
07-MAY-2021,INE192A01025,TATA CONSUMER PRODUCT LTD,TATACONSUM,120220307,17880750
07-MAY-2021,INE213A01029,OIL AND NATURAL GAS CORP.,ONGC,996134149,98752500
07-MAY-2021,INE775A01035,MOTHERSON SUMI SYSTEMS LT,MOTHERSUMI,241729538,42668500
07-MAY-2021,INE885A01032,AMARA RAJA BATTERIES LTD.,AMARAJABAT,24576009,7892000
07-MAY-2021,INE239A01016,NESTLE INDIA LIMITED,NESTLEIND,7180127,370100
07-MAY-2021,INE331A01037,THE RAMCO CEMENTS LIMITED,RAMCOCEM,27107277,1885300
07-MAY-2021,INE102D01028,GODREJ CONSUMER PRODUCTS,GODREJCP,75199602,4772000
07-MAY-2021,INE424H01027,SUN TV NETWORK LIMITED,SUNTV,19704232,17535000
07-MAY-2021,INE318A01026,PIDILITE INDUSTRIES LTD,PIDILITIND,30322139,2478000
07-MAY-2021,INE545U01014,BANDHAN BANK LIMITED,BANDHANBNK,193296668,46069200
07-MAY-2021,INE585B01010,MARUTI SUZUKI INDIA LTD.,MARUTI,26359259,4745900
07-MAY-2021,INE158A01026,HERO MOTOCORP LIMITED,HEROMOTOCO,26067627,7221600
07-MAY-2021,INE010B01027,CADILA HEALTHCARE LIMITED,CADILAHC,51441633,38137000
07-MAY-2021,INE522D01027,MANAPPURAM FINANCE LTD,MANAPPURAM,110041718,37116000
07-MAY-2021,INE101D01020,GRANULES INDIA LIMITED,GRANULES,28712882,14030600
07-MAY-2021,INE628A01036,UPL LIMITED,UPL,110086956,26573300
07-MAY-2021,INE028A01039,BANK OF BARODA,BANKBARODA,372635498,168854400
07-MAY-2021,INE883A01011,MRF LTD,MRF,612089,53140
07-MAY-2021,INE079A01024,AMBUJA CEMENTS LTD,AMBUJACEM,145350001,30684000
07-MAY-2021,INE603J01030,PI INDUSTRIES LTD,PIIND,16141225,489500
07-MAY-2021,INE176B01034,HAVELLS INDIA LIMITED,HAVELLS,50637052,5411500
07-MAY-2021,INE765G01017,ICICI LOMBARD GIC LIMITED,ICICIGI,43750139,1300500
07-MAY-2021,INE257A01026,BHEL,BHEL,256482590,241132500
07-MAY-2021,INE685A01028,TORRENT PHARMACEUTICALS L,TORNTPHARM,9731600,1134500
07-MAY-2021,INE494B01023,TVS MOTOR COMPANY  LTD,TVSMOTOR,40480865,8961400
07-MAY-2021,INE242A01010,INDIAN OIL CORP LTD,IOC,913205148,109128500
07-MAY-2021,INE018A01030,LARSEN & TOUBRO LTD.,LT,276858711,21451525
07-MAY-2021,INE139A01034,NATIONAL ALUMINIUM CO LTD,NATIONALUM,178967755,194888000
07-MAY-2021,INE776C01039,GMR INFRASTRUCTURE LTD.,GMRINFRA,451415219,176602500
07-MAY-2021,INE029A01011,BHARAT PETROLEUM CORP  LT,BPCL,195338025,74260800
07-MAY-2021,INE774D01024,M&M FIN. SERVICES LTD,M&MFIN,117513126,57272000
07-MAY-2021,INE288B01029,DEEPAK NITRITE LTD,DEEPAKNTR,14814614,3557000
07-MAY-2021,INE726G01019,ICICI PRU LIFE INS CO LTD,ICICIPRULI,76170289,10968000
07-MAY-2021,INE769A01020,AARTI INDUSTRIES LTD,AARTIIND,18530526,1651550
07-MAY-2021,INE438A01022,APOLLO TYRES LTD,APOLLOTYRE,67013829,28960000
07-MAY-2021,INE020B01018,REC LIMITED,RECLTD,187084550,24348000
07-MAY-2021,INE361B01024,DIVI'S LABORATORIES LTD,DIVISLAB,25513876,3472000
07-MAY-2021,INE465A01025,BHARAT FORGE LTD,BHARATFORG,50505198,8386500
07-MAY-2021,INE302A01020,EXIDE INDUSTRIES LTD,EXIDEIND,91809066,21758400
07-MAY-2021,INE176A01028,BATA INDIA LTD,BATAINDIA,12092405,2012450
07-MAY-2021,INE463A01038,BERGER PAINTS (I) LTD,BERGEPAINT,48595067,3282400
07-MAY-2021,INE423A01024,ADANI ENTERPRISES LIMITED,ADANIENT,55169320,19560000
07-MAY-2021,INE742F01042,ADANI PORT & SEZ LTD,ADANIPORTS,147352148,92472500
07-MAY-2021,INE669C01036,TECH MAHINDRA LIMITED,TECHM,124393922,16581000
07-MAY-2021,INE081A01012,TATA STEEL LIMITED,TATASTEEL,157953668,88418700
07-MAY-2021,INE030A01027,HINDUSTAN UNILEVER LTD.,HINDUNILVR,179030992,10953000
07-MAY-2021,INE101A01026,MAHINDRA & MAHINDRA LTD,M&M,184564964,14879900
07-MAY-2021,INE019A01038,JSW STEEL LIMITED,JSWSTEEL,268092761,53207550
07-MAY-2021,INE059A01026,CIPLA LTD,CIPLA,101880355,31374200
07-MAY-2021,INE259A01022,COLGATE PALMOLIVE LTD.,COLPAL,26654592,3984050
07-MAY-2021,INE094A01015,HINDUSTAN PETROLEUM CORP,HINDPETRO,135400042,36193500
07-MAY-2021,INE540L01014,ALKEM LABORATORIES LTD.,ALKEM,9526537,393600
07-MAY-2021,INE298A01020,CUMMINS INDIA LTD,CUMMINSIND,27165463,1170600
07-MAY-2021,INE196A01026,MARICO LIMITED,MARICO,104064465,18572000
07-MAY-2021,INE901L01018,ALEMBIC PHARMA LTD,APLLTD,11999222,1730300
