<?xml version="1.0" encoding="utf-8" ?>
<MWPL_Viols>
<MWPL>
	<Date>07-MAY-2021</Date>
	<ISIN>INE522F01014</ISIN>
	<Scrip_Name>COAL INDIA LTD</Scrip_Name>
	<NSE_Symbol>COALINDIA</NSE_Symbol>
	<MWPL_Limit>417418754</MWPL_Limit>
	<Open_Interest>75667200</Open_Interest>
	<Limit_for_Next_Day></Limit_for_Next_Day>
</MWPL>
<MWPL>
	<Date>07-MAY-2021</Date>
	<ISIN>INE860A01027</ISIN>
	<Scrip_Name>HCL TECHNOLOGIES LTD</Scrip_Name>
	<NSE_Symbol>HCLTECH</NSE_Symbol>
	<MWPL_Limit>215294964</MWPL_Limit>
	<Open_Interest>39981900</Open_Interest>
	<Limit_for_Next_Day></Limit_for_Next_Day>
</MWPL>
<MWPL>
	<Date>07-MAY-2021</Date>
	<ISIN>INE584A01023</ISIN>
	<Scrip_Name>NMDC LTD.</Scrip_Name>
	<NSE_Symbol>NMDC</NSE_Symbol>
	<MWPL_Limit>185864391</MWPL_Limit>
	<Open_Interest>93471700</Open_Interest>
	<Limit_for_Next_Day></Limit_for_Next_Day>
</MWPL>
<MWPL>
	<Date>07-MAY-2021</Date>
	<ISIN>INE038A01020</ISIN>
	<Scrip_Name>HINDALCO  INDUSTRIES  LTD</Scrip_Name>
	<NSE_Symbol>HINDALCO</NSE_Symbol>
	<MWPL_Limit>292503957</MWPL_Limit>
	<Open_Interest>66409200</Open_Interest>
	<Limit_for_Next_Day></Limit_for_Next_Day>
</MWPL>
<MWPL>
	<Date>07-MAY-2021</Date>
	<ISIN>INE733E01010</ISIN>
	<Scrip_Name>NTPC LTD</Scrip_Name>
	<NSE_Symbol>NTPC</NSE_Symbol>
	<MWPL_Limit>948263976</MWPL_Limit>
	<Open_Interest>110773800</Open_Interest>
	<Limit_for_Next_Day></Limit_for_Next_Day>
</MWPL>
<MWPL>
	<Date>07-MAY-2021</Date>
	<ISIN>INE021A01026</ISIN>
	<Scrip_Name>ASIAN PAINTS LIMITED</Scrip_Name>
	<NSE_Symbol>ASIANPAINT</NSE_Symbol>
	<MWPL_Limit>90562627</MWPL_Limit>
	<Open_Interest>6127500</Open_Interest>
	<Limit_for_Next_Day></Limit_for_Next_Day>
</MWPL>
<MWPL>
	<Date>07-MAY-2021</Date>
	<ISIN>INE042A01014</ISIN>
	<Scrip_Name>ESCORTS INDIA LTD</Scrip_Name>
	<NSE_Symbol>ESCORTS</NSE_Symbol>
	<MWPL_Limit>14069761</MWPL_Limit>
	<Open_Interest>5548400</Open_Interest>
	<Limit_for_Next_Day></Limit_for_Next_Day>
</MWPL>
<MWPL>
	<Date>07-MAY-2021</Date>
	<ISIN>INE208A01029</ISIN>
	<Scrip_Name>ASHOK LEYLAND LTD</Scrip_Name>
	<NSE_Symbol>ASHOKLEY</NSE_Symbol>
	<MWPL_Limit>282181803</MWPL_Limit>
	<Open_Interest>52353000</Open_Interest>
	<Limit_for_Next_Day></Limit_for_Next_Day>
</MWPL>
<MWPL>
	<Date>07-MAY-2021</Date>
	<ISIN>INE935A01035</ISIN>
	<Scrip_Name>GLENMARK PHARMACEUTICALS</Scrip_Name>
	<NSE_Symbol>GLENMARK</NSE_Symbol>
	<MWPL_Limit>30120187</MWPL_Limit>
	<Open_Interest>16695700</Open_Interest>
	<Limit_for_Next_Day></Limit_for_Next_Day>
</MWPL>
<MWPL>
	<Date>07-MAY-2021</Date>
	<ISIN>INE018I01017</ISIN>
	<Scrip_Name>MINDTREE LIMITED</Scrip_Name>
	<NSE_Symbol>MINDTREE</NSE_Symbol>
	<MWPL_Limit>12809266</MWPL_Limit>
	<Open_Interest>2352000</Open_Interest>
	<Limit_for_Next_Day></Limit_for_Next_Day>
</MWPL>
<MWPL>
	<Date>07-MAY-2021</Date>
	<ISIN>INE205A01025</ISIN>
	<Scrip_Name>VEDANTA LIMITED</Scrip_Name>
	<NSE_Symbol>VEDL</NSE_Symbol>
	<MWPL_Limit>331276938</MWPL_Limit>
	<Open_Interest>138340600</Open_Interest>
	<Limit_for_Next_Day></Limit_for_Next_Day>
</MWPL>
<MWPL>
	<Date>07-MAY-2021</Date>
	<ISIN>INE749A01030</ISIN>
	<Scrip_Name>JINDAL STEEL & POWER LTD</Scrip_Name>
	<NSE_Symbol>JINDALSTEL</NSE_Symbol>
	<MWPL_Limit>80645614</MWPL_Limit>
	<Open_Interest>42047500</Open_Interest>
	<Limit_for_Next_Day></Limit_for_Next_Day>
</MWPL>
<MWPL>
	<Date>07-MAY-2021</Date>
	<ISIN>INE092A01019</ISIN>
	<Scrip_Name>TATA CHEMICALS LTD</Scrip_Name>
	<NSE_Symbol>TATACHEM</NSE_Symbol>
	<MWPL_Limit>31601465</MWPL_Limit>
	<Open_Interest>25321000</Open_Interest>
	<Limit_for_Next_Day></Limit_for_Next_Day>
</MWPL>
<MWPL>
	<Date>07-MAY-2021</Date>
	<ISIN>INE216A01030</ISIN>
	<Scrip_Name>BRITANNIA INDUSTRIES LTD</Scrip_Name>
	<NSE_Symbol>BRITANNIA</NSE_Symbol>
	<MWPL_Limit>23823080</MWPL_Limit>
	<Open_Interest>3031400</Open_Interest>
	<Limit_for_Next_Day></Limit_for_Next_Day>
</MWPL>
<MWPL>
	<Date>07-MAY-2021</Date>
	<ISIN>INE066A01021</ISIN>
	<Scrip_Name>EICHER MOTORS LTD</Scrip_Name>
	<NSE_Symbol>EICHERMOT</NSE_Symbol>
	<MWPL_Limit>27754330</MWPL_Limit>
	<Open_Interest>3462550</Open_Interest>
	<Limit_for_Next_Day></Limit_for_Next_Day>
</MWPL>
<MWPL>
	<Date>07-MAY-2021</Date>
	<ISIN>INE844O01030</ISIN>
	<Scrip_Name>GUJARAT GAS LIMITED</Scrip_Name>
	<NSE_Symbol>GUJGASLTD</NSE_Symbol>
	<MWPL_Limit>53841317</MWPL_Limit>
	<Open_Interest>1206250</Open_Interest>
	<Limit_for_Next_Day></Limit_for_Next_Day>
</MWPL>
<MWPL>
	<Date>07-MAY-2021</Date>
	<ISIN>INE600L01024</ISIN>
	<Scrip_Name>DR. LAL PATH LABS LTD.</Scrip_Name>
	<NSE_Symbol>LALPATHLAB</NSE_Symbol>
	<MWPL_Limit>7318541</MWPL_Limit>
	<Open_Interest>630000</Open_Interest>
	<Limit_for_Next_Day></Limit_for_Next_Day>
</MWPL>
<MWPL>
	<Date>07-MAY-2021</Date>
	<ISIN>INE148I01020</ISIN>
	<Scrip_Name>INDIABULLS HSG FIN LTD</Scrip_Name>
	<NSE_Symbol>IBULHSGFIN</NSE_Symbol>
	<MWPL_Limit>68907318</MWPL_Limit>
	<Open_Interest>37944000</Open_Interest>
	<Limit_for_Next_Day></Limit_for_Next_Day>
</MWPL>
<MWPL>
	<Date>07-MAY-2021</Date>
	<ISIN>INE180A01020</ISIN>
	<Scrip_Name>MAX FINANCIAL SERV LTD</Scrip_Name>
	<NSE_Symbol>MFSL</NSE_Symbol>
	<MWPL_Limit>42200548</MWPL_Limit>
	<Open_Interest>2446600</Open_Interest>
	<Limit_for_Next_Day></Limit_for_Next_Day>
</MWPL>
<MWPL>
	<Date>07-MAY-2021</Date>
	<ISIN>INE012A01025</ISIN>
	<Scrip_Name>ACC LIMITED</Scrip_Name>
	<NSE_Symbol>ACC</NSE_Symbol>
	<MWPL_Limit>17078428</MWPL_Limit>
	<Open_Interest>3255500</Open_Interest>
	<Limit_for_Next_Day></Limit_for_Next_Day>
</MWPL>
<MWPL>
	<Date>07-MAY-2021</Date>
	<ISIN>INE761H01022</ISIN>
	<Scrip_Name>PAGE INDUSTRIES LTD</Scrip_Name>
	<NSE_Symbol>PAGEIND</NSE_Symbol>
	<MWPL_Limit>1152956</MWPL_Limit>
	<Open_Interest>66600</Open_Interest>
	<Limit_for_Next_Day></Limit_for_Next_Day>
</MWPL>
<MWPL>
	<Date>07-MAY-2021</Date>
	<ISIN>INE752E01010</ISIN>
	<Scrip_Name>POWER GRID CORP. LTD.</Scrip_Name>
	<NSE_Symbol>POWERGRID</NSE_Symbol>
	<MWPL_Limit>509143448</MWPL_Limit>
	<Open_Interest>32660000</Open_Interest>
	<Limit_for_Next_Day></Limit_for_Next_Day>
</MWPL>
<MWPL>
	<Date>07-MAY-2021</Date>
	<ISIN>INE171A01029</ISIN>
	<Scrip_Name>FEDERAL BANK LTD</Scrip_Name>
	<NSE_Symbol>FEDERALBNK</NSE_Symbol>
	<MWPL_Limit>393383971</MWPL_Limit>
	<Open_Interest>94800000</Open_Interest>
	<Limit_for_Next_Day></Limit_for_Next_Day>
</MWPL>
<MWPL>
	<Date>07-MAY-2021</Date>
	<ISIN>INE044A01036</ISIN>
	<Scrip_Name>SUN PHARMACEUTICAL IND L</Scrip_Name>
	<NSE_Symbol>SUNPHARMA</NSE_Symbol>
	<MWPL_Limit>218440087</MWPL_Limit>
	<Open_Interest>65153200</Open_Interest>
	<Limit_for_Next_Day></Limit_for_Next_Day>
</MWPL>
<MWPL>
	<Date>07-MAY-2021</Date>
	<ISIN>INE062A01020</ISIN>
	<Scrip_Name>STATE BANK OF INDIA</Scrip_Name>
	<NSE_Symbol>SBIN</NSE_Symbol>
	<MWPL_Limit>747021615</MWPL_Limit>
	<Open_Interest>165630000</Open_Interest>
	<Limit_for_Next_Day></Limit_for_Next_Day>
</MWPL>
<MWPL>
	<Date>07-MAY-2021</Date>
	<ISIN>INE160A01022</ISIN>
	<Scrip_Name>PUNJAB NATIONAL BANK</Scrip_Name>
	<NSE_Symbol>PNB</NSE_Symbol>
	<MWPL_Limit>484711308</MWPL_Limit>
	<Open_Interest>398144000</Open_Interest>
	<Limit_for_Next_Day></Limit_for_Next_Day>
</MWPL>
<MWPL>
	<Date>07-MAY-2021</Date>
	<ISIN>INE271C01023</ISIN>
	<Scrip_Name>DLF LIMITED</Scrip_Name>
	<NSE_Symbol>DLF</NSE_Symbol>
	<MWPL_Limit>124016568</MWPL_Limit>
	<Open_Interest>48529800</Open_Interest>
	<Limit_for_Next_Day></Limit_for_Next_Day>
</MWPL>
<MWPL>
	<Date>07-MAY-2021</Date>
	<ISIN>INE002S01010</ISIN>
	<Scrip_Name>MAHANAGAR GAS LTD.</Scrip_Name>
	<NSE_Symbol>MGL</NSE_Symbol>
	<MWPL_Limit>13335005</MWPL_Limit>
	<Open_Interest>1903800</Open_Interest>
	<Limit_for_Next_Day></Limit_for_Next_Day>
</MWPL>
<MWPL>
	<Date>07-MAY-2021</Date>
	<ISIN>INE191H01014</ISIN>
	<Scrip_Name>PVR LIMITED</Scrip_Name>
	<NSE_Symbol>PVR</NSE_Symbol>
	<MWPL_Limit>10078782</MWPL_Limit>
	<Open_Interest>2866908</Open_Interest>
	<Limit_for_Next_Day></Limit_for_Next_Day>
</MWPL>
<MWPL>
	<Date>07-MAY-2021</Date>
	<ISIN>INE002A01018</ISIN>
	<Scrip_Name>RELIANCE INDUSTRIES LTD</Scrip_Name>
	<NSE_Symbol>RELIANCE</NSE_Symbol>
	<MWPL_Limit>649283436</MWPL_Limit>
	<Open_Interest>57552000</Open_Interest>
	<Limit_for_Next_Day></Limit_for_Next_Day>
</MWPL>
<MWPL>
	<Date>07-MAY-2021</Date>
	<ISIN>INE134E01011</ISIN>
	<Scrip_Name>POWER FIN CORP LTD.</Scrip_Name>
	<NSE_Symbol>PFC</NSE_Symbol>
	<MWPL_Limit>232357926</MWPL_Limit>
	<Open_Interest>60654600</Open_Interest>
	<Limit_for_Next_Day></Limit_for_Next_Day>
</MWPL>
<MWPL>
	<Date>07-MAY-2021</Date>
	<ISIN>INE376G01013</ISIN>
	<Scrip_Name>BIOCON LIMITED.</Scrip_Name>
	<NSE_Symbol>BIOCON</NSE_Symbol>
	<MWPL_Limit>92161410</MWPL_Limit>
	<Open_Interest>38674500</Open_Interest>
	<Limit_for_Next_Day></Limit_for_Next_Day>
</MWPL>
<MWPL>
	<Date>07-MAY-2021</Date>
	<ISIN>INE686F01025</ISIN>
	<Scrip_Name>UNITED BREWERIES LTD</Scrip_Name>
	<NSE_Symbol>UBL</NSE_Symbol>
	<MWPL_Limit>22357672</MWPL_Limit>
	<Open_Interest>1232000</Open_Interest>
	<Limit_for_Next_Day></Limit_for_Next_Day>
</MWPL>
<MWPL>
	<Date>07-MAY-2021</Date>
	<ISIN>INE048G01026</ISIN>
	<Scrip_Name>NAVIN FLUORINE INT. LTD</Scrip_Name>
	<NSE_Symbol>NAVINFLUOR</NSE_Symbol>
	<MWPL_Limit>6908699</MWPL_Limit>
	<Open_Interest>956925</Open_Interest>
	<Limit_for_Next_Day></Limit_for_Next_Day>
</MWPL>
<MWPL>
	<Date>07-MAY-2021</Date>
	<ISIN>INE476A01014</ISIN>
	<Scrip_Name>CANARA BANK</Scrip_Name>
	<NSE_Symbol>CANBK</NSE_Symbol>
	<MWPL_Limit>101005708</MWPL_Limit>
	<Open_Interest>79698600</Open_Interest>
	<Limit_for_Next_Day></Limit_for_Next_Day>
</MWPL>
<MWPL>
	<Date>07-MAY-2021</Date>
	<ISIN>INE787D01026</ISIN>
	<Scrip_Name>BALKRISHNA IND. LTD</Scrip_Name>
	<NSE_Symbol>BALKRISIND</NSE_Symbol>
	<MWPL_Limit>16124234</MWPL_Limit>
	<Open_Interest>1944400</Open_Interest>
	<Limit_for_Next_Day></Limit_for_Next_Day>
</MWPL>
<MWPL>
	<Date>07-MAY-2021</Date>
	<ISIN>INE121A01024</ISIN>
	<Scrip_Name>CHOLAMANDALAM IN & FIN CO</Scrip_Name>
	<NSE_Symbol>CHOLAFIN</NSE_Symbol>
	<MWPL_Limit>79347436</MWPL_Limit>
	<Open_Interest>9161250</Open_Interest>
	<Limit_for_Next_Day></Limit_for_Next_Day>
</MWPL>
<MWPL>
	<Date>07-MAY-2021</Date>
	<ISIN>INE721A01013</ISIN>
	<Scrip_Name>SHRIRAM TRANSPORT FIN CO.</Scrip_Name>
	<NSE_Symbol>SRTRANSFIN</NSE_Symbol>
	<MWPL_Limit>37207932</MWPL_Limit>
	<Open_Interest>5474800</Open_Interest>
	<Limit_for_Next_Day></Limit_for_Next_Day>
</MWPL>
<MWPL>
	<Date>07-MAY-2021</Date>
	<ISIN>INE010V01017</ISIN>
	<Scrip_Name>L&T TECHNOLOGY SER. LTD.</Scrip_Name>
	<NSE_Symbol>LTTS</NSE_Symbol>
	<MWPL_Limit>5411784</MWPL_Limit>
	<Open_Interest>904400</Open_Interest>
	<Limit_for_Next_Day></Limit_for_Next_Day>
</MWPL>
<MWPL>
	<Date>07-MAY-2021</Date>
	<ISIN>INE813H01021</ISIN>
	<Scrip_Name>TORRENT POWER LTD</Scrip_Name>
	<NSE_Symbol>TORNTPOWER</NSE_Symbol>
	<MWPL_Limit>44634693</MWPL_Limit>
	<Open_Interest>2065500</Open_Interest>
	<Limit_for_Next_Day></Limit_for_Next_Day>
</MWPL>
<MWPL>
	<Date>07-MAY-2021</Date>
	<ISIN>INE070A01015</ISIN>
	<Scrip_Name>SHREE CEMENT LIMITED</Scrip_Name>
	<NSE_Symbol>SHREECEM</NSE_Symbol>
	<MWPL_Limit>2702190</MWPL_Limit>
	<Open_Interest>159875</Open_Interest>
	<Limit_for_Next_Day></Limit_for_Next_Day>
</MWPL>
<MWPL>
	<Date>07-MAY-2021</Date>
	<ISIN>INE256A01028</ISIN>
	<Scrip_Name>ZEE ENTERTAINMENT ENT LTD</Scrip_Name>
	<NSE_Symbol>ZEEL</NSE_Symbol>
	<MWPL_Limit>184437638</MWPL_Limit>
	<Open_Interest>100389000</Open_Interest>
	<Limit_for_Next_Day></Limit_for_Next_Day>
</MWPL>
<MWPL>
	<Date>07-MAY-2021</Date>
	<ISIN>INE917I01010</ISIN>
	<Scrip_Name>BAJAJ AUTO LIMITED</Scrip_Name>
	<NSE_Symbol>BAJAJ-AUTO</NSE_Symbol>
	<MWPL_Limit>26795423</MWPL_Limit>
	<Open_Interest>3126500</Open_Interest>
	<Limit_for_Next_Day></Limit_for_Next_Day>
</MWPL>
<MWPL>
	<Date>07-MAY-2021</Date>
	<ISIN>INE481G01011</ISIN>
	<Scrip_Name>ULTRATECH CEMENT LIMITED</Scrip_Name>
	<NSE_Symbol>ULTRACEMCO</NSE_Symbol>
	<MWPL_Limit>23075539</MWPL_Limit>
	<Open_Interest>3214300</Open_Interest>
	<Limit_for_Next_Day></Limit_for_Next_Day>
</MWPL>
<MWPL>
	<Date>07-MAY-2021</Date>
	<ISIN>INE238A01034</ISIN>
	<Scrip_Name>AXIS BANK LIMITED</Scrip_Name>
	<NSE_Symbol>AXISBANK</NSE_Symbol>
	<MWPL_Limit>516425010</MWPL_Limit>
	<Open_Interest>61335600</Open_Interest>
	<Limit_for_Next_Day></Limit_for_Next_Day>
</MWPL>
<MWPL>
	<Date>07-MAY-2021</Date>
	<ISIN>INE009A01021</ISIN>
	<Scrip_Name>INFOSYS LIMITED</Scrip_Name>
	<NSE_Symbol>INFY</NSE_Symbol>
	<MWPL_Limit>738692755</MWPL_Limit>
	<Open_Interest>46075200</Open_Interest>
	<Limit_for_Next_Day></Limit_for_Next_Day>
</MWPL>
<MWPL>
	<Date>07-MAY-2021</Date>
	<ISIN>INE089A01023</ISIN>
	<Scrip_Name>DR. REDDY'S LABORATORIES</Scrip_Name>
	<NSE_Symbol>DRREDDY</NSE_Symbol>
	<MWPL_Limit>24252980</MWPL_Limit>
	<Open_Interest>5253625</Open_Interest>
	<Limit_for_Next_Day></Limit_for_Next_Day>
</MWPL>
<MWPL>
	<Date>07-MAY-2021</Date>
	<ISIN>INE647A01010</ISIN>
	<Scrip_Name>SRF LTD</Scrip_Name>
	<NSE_Symbol>SRF</NSE_Symbol>
	<MWPL_Limit>5833741</MWPL_Limit>
	<Open_Interest>1265500</Open_Interest>
	<Limit_for_Next_Day></Limit_for_Next_Day>
</MWPL>
<MWPL>
	<Date>07-MAY-2021</Date>
	<ISIN>INE127D01025</ISIN>
	<Scrip_Name>HDFC AMC LIMITED</Scrip_Name>
	<NSE_Symbol>HDFCAMC</NSE_Symbol>
	<MWPL_Limit>11109213</MWPL_Limit>
	<Open_Interest>1090000</Open_Interest>
	<Limit_for_Next_Day></Limit_for_Next_Day>
</MWPL>
<MWPL>
	<Date>07-MAY-2021</Date>
	<ISIN>INE296A01024</ISIN>
	<Scrip_Name>BAJAJ FINANCE LIMITED</Scrip_Name>
	<NSE_Symbol>BAJFINANCE</NSE_Symbol>
	<MWPL_Limit>52679316</MWPL_Limit>
	<Open_Interest>7982375</Open_Interest>
	<Limit_for_Next_Day></Limit_for_Next_Day>
</MWPL>
<MWPL>
	<Date>07-MAY-2021</Date>
	<ISIN>INE280A01028</ISIN>
	<Scrip_Name>TITAN COMPANY LIMITED</Scrip_Name>
	<NSE_Symbol>TITAN</NSE_Symbol>
	<MWPL_Limit>83636848</MWPL_Limit>
	<Open_Interest>9436875</Open_Interest>
	<Limit_for_Next_Day></Limit_for_Next_Day>
</MWPL>
<MWPL>
	<Date>07-MAY-2021</Date>
	<ISIN>INE092T01019</ISIN>
	<Scrip_Name>IDFC FIRST BANK LIMITED</Scrip_Name>
	<NSE_Symbol>IDFCFIRSTB</NSE_Symbol>
	<MWPL_Limit>682510320</MWPL_Limit>
	<Open_Interest>207052500</Open_Interest>
	<Limit_for_Next_Day></Limit_for_Next_Day>
</MWPL>
<MWPL>
	<Date>07-MAY-2021</Date>
	<ISIN>INE016A01026</ISIN>
	<Scrip_Name>DABUR INDIA LTD</Scrip_Name>
	<NSE_Symbol>DABUR</NSE_Symbol>
	<MWPL_Limit>115310833</MWPL_Limit>
	<Open_Interest>22687500</Open_Interest>
	<Limit_for_Next_Day></Limit_for_Next_Day>
</MWPL>
<MWPL>
	<Date>07-MAY-2021</Date>
	<ISIN>INE263A01024</ISIN>
	<Scrip_Name>BHARAT ELECTRONICS LTD</Scrip_Name>
	<NSE_Symbol>BEL</NSE_Symbol>
	<MWPL_Limit>238123793</MWPL_Limit>
	<Open_Interest>51607800</Open_Interest>
	<Limit_for_Next_Day></Limit_for_Next_Day>
</MWPL>
<MWPL>
	<Date>07-MAY-2021</Date>
	<ISIN>INE075A01022</ISIN>
	<Scrip_Name>WIPRO LTD</Scrip_Name>
	<NSE_Symbol>WIPRO</NSE_Symbol>
	<MWPL_Limit>291745998</MWPL_Limit>
	<Open_Interest>51049600</Open_Interest>
	<Limit_for_Next_Day></Limit_for_Next_Day>
</MWPL>
<MWPL>
	<Date>07-MAY-2021</Date>
	<ISIN>INE414G01012</ISIN>
	<Scrip_Name>MUTHOOT FINANCE LIMITED</Scrip_Name>
	<NSE_Symbol>MUTHOOTFIN</NSE_Symbol>
	<MWPL_Limit>21346396</MWPL_Limit>
	<Open_Interest>4245750</Open_Interest>
	<Limit_for_Next_Day></Limit_for_Next_Day>
</MWPL>
<MWPL>
	<Date>07-MAY-2021</Date>
	<ISIN>INE669E01016</ISIN>
	<Scrip_Name>VODAFONE IDEA LIMITED</Scrip_Name>
	<NSE_Symbol>IDEA</NSE_Symbol>
	<MWPL_Limit>1606294231</MWPL_Limit>
	<Open_Interest>886760000</Open_Interest>
	<Limit_for_Next_Day></Limit_for_Next_Day>
</MWPL>
<MWPL>
	<Date>07-MAY-2021</Date>
	<ISIN>INE140A01024</ISIN>
	<Scrip_Name>PIRAMAL ENTERPRISES LTD</Scrip_Name>
	<NSE_Symbol>PEL</NSE_Symbol>
	<MWPL_Limit>24004709</MWPL_Limit>
	<Open_Interest>3926175</Open_Interest>
	<Limit_for_Next_Day></Limit_for_Next_Day>
</MWPL>
<MWPL>
	<Date>07-MAY-2021</Date>
	<ISIN>INE111A01025</ISIN>
	<Scrip_Name>CONTAINER CORP OF IND LTD</Scrip_Name>
	<NSE_Symbol>CONCOR</NSE_Symbol>
	<MWPL_Limit>55081874</MWPL_Limit>
	<Open_Interest>8340168</Open_Interest>
	<Limit_for_Next_Day></Limit_for_Next_Day>
</MWPL>
<MWPL>
	<Date>07-MAY-2021</Date>
	<ISIN>INE849A01020</ISIN>
	<Scrip_Name>TRENT LTD</Scrip_Name>
	<NSE_Symbol>TRENT</NSE_Symbol>
	<MWPL_Limit>44787316</MWPL_Limit>
	<Open_Interest>1411575</Open_Interest>
	<Limit_for_Next_Day></Limit_for_Next_Day>
</MWPL>
<MWPL>
	<Date>07-MAY-2021</Date>
	<ISIN>INE047A01021</ISIN>
	<Scrip_Name>GRASIM INDUSTRIES LTD</Scrip_Name>
	<NSE_Symbol>GRASIM</NSE_Symbol>
	<MWPL_Limit>76294050</MWPL_Limit>
	<Open_Interest>16025550</Open_Interest>
	<Limit_for_Next_Day></Limit_for_Next_Day>
</MWPL>
<MWPL>
	<Date>07-MAY-2021</Date>
	<ISIN>INE797F01012</ISIN>
	<Scrip_Name>JUBILANT FOODWORKS LTD</Scrip_Name>
	<NSE_Symbol>JUBLFOOD</NSE_Symbol>
	<MWPL_Limit>15279102</MWPL_Limit>
	<Open_Interest>2211000</Open_Interest>
	<Limit_for_Next_Day></Limit_for_Next_Day>
</MWPL>
<MWPL>
	<Date>07-MAY-2021</Date>
	<ISIN>INE663F01024</ISIN>
	<Scrip_Name>INFO EDGE (I) LTD</Scrip_Name>
	<NSE_Symbol>NAUKRI</NSE_Symbol>
	<MWPL_Limit>15811725</MWPL_Limit>
	<Open_Interest>1295375</Open_Interest>
	<Limit_for_Next_Day></Limit_for_Next_Day>
</MWPL>
<MWPL>
	<Date>07-MAY-2021</Date>
	<ISIN>INE001A01036</ISIN>
	<Scrip_Name>HDFC LTD</Scrip_Name>
	<NSE_Symbol>HDFC</NSE_Symbol>
	<MWPL_Limit>360789286</MWPL_Limit>
	<Open_Interest>22032600</Open_Interest>
	<Limit_for_Next_Day></Limit_for_Next_Day>
</MWPL>
<MWPL>
	<Date>07-MAY-2021</Date>
	<ISIN>INE155A01022</ISIN>
	<Scrip_Name>TATA MOTORS LIMITED</Scrip_Name>
	<NSE_Symbol>TATAMOTORS</NSE_Symbol>
	<MWPL_Limit>355884551</MWPL_Limit>
	<Open_Interest>158804850</Open_Interest>
	<Limit_for_Next_Day></Limit_for_Next_Day>
</MWPL>
<MWPL>
	<Date>07-MAY-2021</Date>
	<ISIN>INE154A01025</ISIN>
	<Scrip_Name>ITC LTD</Scrip_Name>
	<NSE_Symbol>ITC</NSE_Symbol>
	<MWPL_Limit>2458868441</MWPL_Limit>
	<Open_Interest>214073600</Open_Interest>
	<Limit_for_Next_Day></Limit_for_Next_Day>
</MWPL>
<MWPL>
	<Date>07-MAY-2021</Date>
	<ISIN>INE090A01021</ISIN>
	<Scrip_Name>ICICI BANK LTD.</Scrip_Name>
	<NSE_Symbol>ICICIBANK</NSE_Symbol>
	<MWPL_Limit>1087891558</MWPL_Limit>
	<Open_Interest>108968750</Open_Interest>
	<Limit_for_Next_Day></Limit_for_Next_Day>
</MWPL>
<MWPL>
	<Date>07-MAY-2021</Date>
	<ISIN>INE437A01024</ISIN>
	<Scrip_Name>APOLLO HOSPITALS ENTER. L</Scrip_Name>
	<NSE_Symbol>APOLLOHOSP</NSE_Symbol>
	<MWPL_Limit>20181931</MWPL_Limit>
	<Open_Interest>2699000</Open_Interest>
	<Limit_for_Next_Day></Limit_for_Next_Day>
</MWPL>
<MWPL>
	<Date>07-MAY-2021</Date>
	<ISIN>INE854D01024</ISIN>
	<Scrip_Name>UNITED SPIRITS LIMITED</Scrip_Name>
	<NSE_Symbol>MCDOWELL-N</NSE_Symbol>
	<MWPL_Limit>62845623</MWPL_Limit>
	<Open_Interest>15958750</Open_Interest>
	<Limit_for_Next_Day></Limit_for_Next_Day>
</MWPL>
<MWPL>
	<Date>07-MAY-2021</Date>
	<ISIN>INE095A01012</ISIN>
	<Scrip_Name>INDUSIND BANK LIMITED</Scrip_Name>
	<NSE_Symbol>INDUSINDBK</NSE_Symbol>
	<MWPL_Limit>107808248</MWPL_Limit>
	<Open_Interest>28871100</Open_Interest>
	<Limit_for_Next_Day></Limit_for_Next_Day>
</MWPL>
<MWPL>
	<Date>07-MAY-2021</Date>
	<ISIN>INE591G01017</ISIN>
	<Scrip_Name>COFORGE LIMITED</Scrip_Name>
	<NSE_Symbol>COFORGE</NSE_Symbol>
	<MWPL_Limit>4364217</MWPL_Limit>
	<Open_Interest>2475950</Open_Interest>
	<Limit_for_Next_Day></Limit_for_Next_Day>
</MWPL>
<MWPL>
	<Date>07-MAY-2021</Date>
	<ISIN>INE237A01028</ISIN>
	<Scrip_Name>KOTAK MAHINDRA BANK LTD</Scrip_Name>
	<NSE_Symbol>KOTAKBANK</NSE_Symbol>
	<MWPL_Limit>293250080</MWPL_Limit>
	<Open_Interest>17439600</Open_Interest>
	<Limit_for_Next_Day></Limit_for_Next_Day>
</MWPL>
<MWPL>
	<Date>07-MAY-2021</Date>
	<ISIN>INE040A01034</ISIN>
	<Scrip_Name>HDFC BANK LTD</Scrip_Name>
	<NSE_Symbol>HDFCBANK</NSE_Symbol>
	<MWPL_Limit>664007024</MWPL_Limit>
	<Open_Interest>44025300</Open_Interest>
	<Limit_for_Next_Day></Limit_for_Next_Day>
</MWPL>
<MWPL>
	<Date>07-MAY-2021</Date>
	<ISIN>INE918I01018</ISIN>
	<Scrip_Name>BAJAJ FINSERV LTD.</Scrip_Name>
	<NSE_Symbol>BAJAJFINSV</NSE_Symbol>
	<MWPL_Limit>12420001</MWPL_Limit>
	<Open_Interest>1559450</Open_Interest>
	<Limit_for_Next_Day></Limit_for_Next_Day>
</MWPL>
<MWPL>
	<Date>07-MAY-2021</Date>
	<ISIN>INE795G01014</ISIN>
	<Scrip_Name>HDFC LIFE INS CO LTD</Scrip_Name>
	<NSE_Symbol>HDFCLIFE</NSE_Symbol>
	<MWPL_Limit>166179919</MWPL_Limit>
	<Open_Interest>23064800</Open_Interest>
	<Limit_for_Next_Day></Limit_for_Next_Day>
</MWPL>
<MWPL>
	<Date>07-MAY-2021</Date>
	<ISIN>INE203G01027</ISIN>
	<Scrip_Name>INDRAPRASTHA GAS LTD</Scrip_Name>
	<NSE_Symbol>IGL</NSE_Symbol>
	<MWPL_Limit>77000080</MWPL_Limit>
	<Open_Interest>7026250</Open_Interest>
	<Limit_for_Next_Day></Limit_for_Next_Day>
</MWPL>
<MWPL>
	<Date>07-MAY-2021</Date>
	<ISIN>INE214T01019</ISIN>
	<Scrip_Name>L&T INFOTECH LIMITED</Scrip_Name>
	<NSE_Symbol>LTI</NSE_Symbol>
	<MWPL_Limit>8993314</MWPL_Limit>
	<Open_Interest>607200</Open_Interest>
	<Limit_for_Next_Day></Limit_for_Next_Day>
</MWPL>
<MWPL>
	<Date>07-MAY-2021</Date>
	<ISIN>INE484J01027</ISIN>
	<Scrip_Name>GODREJ PROPERTIES LTD</Scrip_Name>
	<NSE_Symbol>GODREJPROP</NSE_Symbol>
	<MWPL_Limit>23101903</MWPL_Limit>
	<Open_Interest>2819050</Open_Interest>
	<Limit_for_Next_Day></Limit_for_Next_Day>
</MWPL>
<MWPL>
	<Date>07-MAY-2021</Date>
	<ISIN>INE226A01021</ISIN>
	<Scrip_Name>VOLTAS LTD</Scrip_Name>
	<NSE_Symbol>VOLTAS</NSE_Symbol>
	<MWPL_Limit>46126252</MWPL_Limit>
	<Open_Interest>4493000</Open_Interest>
	<Limit_for_Next_Day></Limit_for_Next_Day>
</MWPL>
<MWPL>
	<Date>07-MAY-2021</Date>
	<ISIN>INE182A01018</ISIN>
	<Scrip_Name>PFIZER LTD</Scrip_Name>
	<NSE_Symbol>PFIZER</NSE_Symbol>
	<MWPL_Limit>3300938</MWPL_Limit>
	<Open_Interest>339375</Open_Interest>
	<Limit_for_Next_Day></Limit_for_Next_Day>
</MWPL>
<MWPL>
	<Date>07-MAY-2021</Date>
	<ISIN>INE347G01014</ISIN>
	<Scrip_Name>PETRONET LNG LIMITED</Scrip_Name>
	<NSE_Symbol>PETRONET</NSE_Symbol>
	<MWPL_Limit>150000017</MWPL_Limit>
	<Open_Interest>20511000</Open_Interest>
	<Limit_for_Next_Day></Limit_for_Next_Day>
</MWPL>
<MWPL>
	<Date>07-MAY-2021</Date>
	<ISIN>INE646L01027</ISIN>
	<Scrip_Name>INTERGLOBE AVIATION LTD</Scrip_Name>
	<NSE_Symbol>INDIGO</NSE_Symbol>
	<MWPL_Limit>19372475</MWPL_Limit>
	<Open_Interest>4584500</Open_Interest>
	<Limit_for_Next_Day></Limit_for_Next_Day>
</MWPL>
<MWPL>
	<Date>07-MAY-2021</Date>
	<ISIN>INE491A01021</ISIN>
	<Scrip_Name>CITY UNION BANK LTD</Scrip_Name>
	<NSE_Symbol>CUB</NSE_Symbol>
	<MWPL_Limit>147764422</MWPL_Limit>
	<Open_Interest>6289900</Open_Interest>
	<Limit_for_Next_Day></Limit_for_Next_Day>
</MWPL>
<MWPL>
	<Date>07-MAY-2021</Date>
	<ISIN>INE121J01017</ISIN>
	<Scrip_Name>INDUS TOWERS LIMITED</Scrip_Name>
	<NSE_Symbol>INDUSTOWER</NSE_Symbol>
	<MWPL_Limit>162488466</MWPL_Limit>
	<Open_Interest>12619600</Open_Interest>
	<Limit_for_Next_Day></Limit_for_Next_Day>
</MWPL>
<MWPL>
	<Date>07-MAY-2021</Date>
	<ISIN>INE356A01018</ISIN>
	<Scrip_Name>MPHASIS LIMITED</Scrip_Name>
	<NSE_Symbol>MPHASIS</NSE_Symbol>
	<MWPL_Limit>16447827</MWPL_Limit>
	<Open_Interest>1172275</Open_Interest>
	<Limit_for_Next_Day></Limit_for_Next_Day>
</MWPL>
<MWPL>
	<Date>07-MAY-2021</Date>
	<ISIN>INE323A01026</ISIN>
	<Scrip_Name>BOSCH LIMITED</Scrip_Name>
	<NSE_Symbol>BOSCHLTD</NSE_Symbol>
	<MWPL_Limit>1737683</MWPL_Limit>
	<Open_Interest>108550</Open_Interest>
	<Limit_for_Next_Day></Limit_for_Next_Day>
</MWPL>
<MWPL>
	<Date>07-MAY-2021</Date>
	<ISIN>INE003A01024</ISIN>
	<Scrip_Name>SIEMENS LTD</Scrip_Name>
	<NSE_Symbol>SIEMENS</NSE_Symbol>
	<MWPL_Limit>17806068</MWPL_Limit>
	<Open_Interest>986975</Open_Interest>
	<Limit_for_Next_Day></Limit_for_Next_Day>
</MWPL>
<MWPL>
	<Date>07-MAY-2021</Date>
	<ISIN>INE123W01016</ISIN>
	<Scrip_Name>SBI LIFE INSURANCE CO LTD</Scrip_Name>
	<NSE_Symbol>SBILIFE</NSE_Symbol>
	<MWPL_Limit>88605984</MWPL_Limit>
	<Open_Interest>15457500</Open_Interest>
	<Limit_for_Next_Day></Limit_for_Next_Day>
</MWPL>
<MWPL>
	<Date>07-MAY-2021</Date>
	<ISIN>INE326A01037</ISIN>
	<Scrip_Name>LUPIN LIMITED</Scrip_Name>
	<NSE_Symbol>LUPIN</NSE_Symbol>
	<MWPL_Limit>48216495</MWPL_Limit>
	<Open_Interest>15878850</Open_Interest>
	<Limit_for_Next_Day></Limit_for_Next_Day>
</MWPL>
<MWPL>
	<Date>07-MAY-2021</Date>
	<ISIN>INE114A01011</ISIN>
	<Scrip_Name>STEEL AUTHORITY OF INDIA</Scrip_Name>
	<NSE_Symbol>SAIL</NSE_Symbol>
	<MWPL_Limit>289139949</MWPL_Limit>
	<Open_Interest>230498500</Open_Interest>
	<Limit_for_Next_Day></Limit_for_Next_Day>
</MWPL>
<MWPL>
	<Date>07-MAY-2021</Date>
	<ISIN>INE467B01029</ISIN>
	<Scrip_Name>TATA CONSULTANCY SERV LT</Scrip_Name>
	<NSE_Symbol>TCS</NSE_Symbol>
	<MWPL_Limit>205769415</MWPL_Limit>
	<Open_Interest>10415700</Open_Interest>
	<Limit_for_Next_Day></Limit_for_Next_Day>
</MWPL>
<MWPL>
	<Date>07-MAY-2021</Date>
	<ISIN>INE245A01021</ISIN>
	<Scrip_Name>TATA POWER CO LTD</Scrip_Name>
	<NSE_Symbol>TATAPOWER</NSE_Symbol>
	<MWPL_Limit>339616396</MWPL_Limit>
	<Open_Interest>171868500</Open_Interest>
	<Limit_for_Next_Day></Limit_for_Next_Day>
</MWPL>
<MWPL>
	<Date>07-MAY-2021</Date>
	<ISIN>INE115A01026</ISIN>
	<Scrip_Name>LIC HOUSING FINANCE LTD</Scrip_Name>
	<NSE_Symbol>LICHSGFIN</NSE_Symbol>
	<MWPL_Limit>60244101</MWPL_Limit>
	<Open_Interest>10336000</Open_Interest>
	<Limit_for_Next_Day></Limit_for_Next_Day>
</MWPL>
<MWPL>
	<Date>07-MAY-2021</Date>
	<ISIN>INE397D01024</ISIN>
	<Scrip_Name>BHARTI AIRTEL LIMITED</Scrip_Name>
	<NSE_Symbol>BHARTIARTL</NSE_Symbol>
	<MWPL_Limit>476925472</MWPL_Limit>
	<Open_Interest>126932325</Open_Interest>
	<Limit_for_Next_Day></Limit_for_Next_Day>
</MWPL>
<MWPL>
	<Date>07-MAY-2021</Date>
	<ISIN>INE129A01019</ISIN>
	<Scrip_Name>GAIL (INDIA) LTD</Scrip_Name>
	<NSE_Symbol>GAIL</NSE_Symbol>
	<MWPL_Limit>424853799</MWPL_Limit>
	<Open_Interest>50398200</Open_Interest>
	<Limit_for_Next_Day></Limit_for_Next_Day>
</MWPL>
<MWPL>
	<Date>07-MAY-2021</Date>
	<ISIN>INE298J01013</ISIN>
	<Scrip_Name>NIPPON L I A M LTD</Scrip_Name>
	<NSE_Symbol>NAM-INDIA</NSE_Symbol>
	<MWPL_Limit>31495334</MWPL_Limit>
	<Open_Interest>1872000</Open_Interest>
	<Limit_for_Next_Day></Limit_for_Next_Day>
</MWPL>
<MWPL>
	<Date>07-MAY-2021</Date>
	<ISIN>INE976G01028</ISIN>
	<Scrip_Name>RBL BANK LIMITED</Scrip_Name>
	<NSE_Symbol>RBLBANK</NSE_Symbol>
	<MWPL_Limit>96258956</MWPL_Limit>
	<Open_Interest>44587500</Open_Interest>
	<Limit_for_Next_Day></Limit_for_Next_Day>
</MWPL>
<MWPL>
	<Date>07-MAY-2021</Date>
	<ISIN>INE949L01017</ISIN>
	<Scrip_Name>AU SMALL FINANCE BANK LTD</Scrip_Name>
	<NSE_Symbol>AUBANK</NSE_Symbol>
	<MWPL_Limit>44662836</MWPL_Limit>
	<Open_Interest>6579500</Open_Interest>
	<Limit_for_Next_Day></Limit_for_Next_Day>
</MWPL>
<MWPL>
	<Date>07-MAY-2021</Date>
	<ISIN>INE335Y01012</ISIN>
	<Scrip_Name>INDIAN RAIL TOUR CORP LTD</Scrip_Name>
	<NSE_Symbol>IRCTC</NSE_Symbol>
	<MWPL_Limit>10433113</MWPL_Limit>
	<Open_Interest>2506725</Open_Interest>
	<Limit_for_Next_Day></Limit_for_Next_Day>
</MWPL>
<MWPL>
	<Date>07-MAY-2021</Date>
	<ISIN>INE498L01015</ISIN>
	<Scrip_Name>L&T FINANCE HOLDINGS LTD</Scrip_Name>
	<NSE_Symbol>L&TFH</NSE_Symbol>
	<MWPL_Limit>179688226</MWPL_Limit>
	<Open_Interest>68375688</Open_Interest>
	<Limit_for_Next_Day></Limit_for_Next_Day>
</MWPL>
<MWPL>
	<Date>07-MAY-2021</Date>
	<ISIN>INE406A01037</ISIN>
	<Scrip_Name>AUROBINDO PHARMA LTD</Scrip_Name>
	<NSE_Symbol>AUROPHARMA</NSE_Symbol>
	<MWPL_Limit>56324627</MWPL_Limit>
	<Open_Interest>13467350</Open_Interest>
	<Limit_for_Next_Day></Limit_for_Next_Day>
</MWPL>
<MWPL>
	<Date>07-MAY-2021</Date>
	<ISIN>INE192A01025</ISIN>
	<Scrip_Name>TATA CONSUMER PRODUCT LTD</Scrip_Name>
	<NSE_Symbol>TATACONSUM</NSE_Symbol>
	<MWPL_Limit>120220307</MWPL_Limit>
	<Open_Interest>17880750</Open_Interest>
	<Limit_for_Next_Day></Limit_for_Next_Day>
</MWPL>
<MWPL>
	<Date>07-MAY-2021</Date>
	<ISIN>INE213A01029</ISIN>
	<Scrip_Name>OIL AND NATURAL GAS CORP.</Scrip_Name>
	<NSE_Symbol>ONGC</NSE_Symbol>
	<MWPL_Limit>996134149</MWPL_Limit>
	<Open_Interest>98752500</Open_Interest>
	<Limit_for_Next_Day></Limit_for_Next_Day>
</MWPL>
<MWPL>
	<Date>07-MAY-2021</Date>
	<ISIN>INE775A01035</ISIN>
	<Scrip_Name>MOTHERSON SUMI SYSTEMS LT</Scrip_Name>
	<NSE_Symbol>MOTHERSUMI</NSE_Symbol>
	<MWPL_Limit>241729538</MWPL_Limit>
	<Open_Interest>42668500</Open_Interest>
	<Limit_for_Next_Day></Limit_for_Next_Day>
</MWPL>
<MWPL>
	<Date>07-MAY-2021</Date>
	<ISIN>INE885A01032</ISIN>
	<Scrip_Name>AMARA RAJA BATTERIES LTD.</Scrip_Name>
	<NSE_Symbol>AMARAJABAT</NSE_Symbol>
	<MWPL_Limit>24576009</MWPL_Limit>
	<Open_Interest>7892000</Open_Interest>
	<Limit_for_Next_Day></Limit_for_Next_Day>
</MWPL>
<MWPL>
	<Date>07-MAY-2021</Date>
	<ISIN>INE239A01016</ISIN>
	<Scrip_Name>NESTLE INDIA LIMITED</Scrip_Name>
	<NSE_Symbol>NESTLEIND</NSE_Symbol>
	<MWPL_Limit>7180127</MWPL_Limit>
	<Open_Interest>370100</Open_Interest>
	<Limit_for_Next_Day></Limit_for_Next_Day>
</MWPL>
<MWPL>
	<Date>07-MAY-2021</Date>
	<ISIN>INE331A01037</ISIN>
	<Scrip_Name>THE RAMCO CEMENTS LIMITED</Scrip_Name>
	<NSE_Symbol>RAMCOCEM</NSE_Symbol>
	<MWPL_Limit>27107277</MWPL_Limit>
	<Open_Interest>1885300</Open_Interest>
	<Limit_for_Next_Day></Limit_for_Next_Day>
</MWPL>
<MWPL>
	<Date>07-MAY-2021</Date>
	<ISIN>INE102D01028</ISIN>
	<Scrip_Name>GODREJ CONSUMER PRODUCTS</Scrip_Name>
	<NSE_Symbol>GODREJCP</NSE_Symbol>
	<MWPL_Limit>75199602</MWPL_Limit>
	<Open_Interest>4772000</Open_Interest>
	<Limit_for_Next_Day></Limit_for_Next_Day>
</MWPL>
<MWPL>
	<Date>07-MAY-2021</Date>
	<ISIN>INE424H01027</ISIN>
	<Scrip_Name>SUN TV NETWORK LIMITED</Scrip_Name>
	<NSE_Symbol>SUNTV</NSE_Symbol>
	<MWPL_Limit>19704232</MWPL_Limit>
	<Open_Interest>17535000</Open_Interest>
	<Limit_for_Next_Day></Limit_for_Next_Day>
</MWPL>
<MWPL>
	<Date>07-MAY-2021</Date>
	<ISIN>INE318A01026</ISIN>
	<Scrip_Name>PIDILITE INDUSTRIES LTD</Scrip_Name>
	<NSE_Symbol>PIDILITIND</NSE_Symbol>
	<MWPL_Limit>30322139</MWPL_Limit>
	<Open_Interest>2478000</Open_Interest>
	<Limit_for_Next_Day></Limit_for_Next_Day>
</MWPL>
<MWPL>
	<Date>07-MAY-2021</Date>
	<ISIN>INE545U01014</ISIN>
	<Scrip_Name>BANDHAN BANK LIMITED</Scrip_Name>
	<NSE_Symbol>BANDHANBNK</NSE_Symbol>
	<MWPL_Limit>193296668</MWPL_Limit>
	<Open_Interest>46069200</Open_Interest>
	<Limit_for_Next_Day></Limit_for_Next_Day>
</MWPL>
<MWPL>
	<Date>07-MAY-2021</Date>
	<ISIN>INE585B01010</ISIN>
	<Scrip_Name>MARUTI SUZUKI INDIA LTD.</Scrip_Name>
	<NSE_Symbol>MARUTI</NSE_Symbol>
	<MWPL_Limit>26359259</MWPL_Limit>
	<Open_Interest>4745900</Open_Interest>
	<Limit_for_Next_Day></Limit_for_Next_Day>
</MWPL>
<MWPL>
	<Date>07-MAY-2021</Date>
	<ISIN>INE158A01026</ISIN>
	<Scrip_Name>HERO MOTOCORP LIMITED</Scrip_Name>
	<NSE_Symbol>HEROMOTOCO</NSE_Symbol>
	<MWPL_Limit>26067627</MWPL_Limit>
	<Open_Interest>7221600</Open_Interest>
	<Limit_for_Next_Day></Limit_for_Next_Day>
</MWPL>
<MWPL>
	<Date>07-MAY-2021</Date>
	<ISIN>INE010B01027</ISIN>
	<Scrip_Name>CADILA HEALTHCARE LIMITED</Scrip_Name>
	<NSE_Symbol>CADILAHC</NSE_Symbol>
	<MWPL_Limit>51441633</MWPL_Limit>
	<Open_Interest>38137000</Open_Interest>
	<Limit_for_Next_Day></Limit_for_Next_Day>
</MWPL>
<MWPL>
	<Date>07-MAY-2021</Date>
	<ISIN>INE522D01027</ISIN>
	<Scrip_Name>MANAPPURAM FINANCE LTD</Scrip_Name>
	<NSE_Symbol>MANAPPURAM</NSE_Symbol>
	<MWPL_Limit>110041718</MWPL_Limit>
	<Open_Interest>37116000</Open_Interest>
	<Limit_for_Next_Day></Limit_for_Next_Day>
</MWPL>
<MWPL>
	<Date>07-MAY-2021</Date>
	<ISIN>INE101D01020</ISIN>
	<Scrip_Name>GRANULES INDIA LIMITED</Scrip_Name>
	<NSE_Symbol>GRANULES</NSE_Symbol>
	<MWPL_Limit>28712882</MWPL_Limit>
	<Open_Interest>14030600</Open_Interest>
	<Limit_for_Next_Day></Limit_for_Next_Day>
</MWPL>
<MWPL>
	<Date>07-MAY-2021</Date>
	<ISIN>INE628A01036</ISIN>
	<Scrip_Name>UPL LIMITED</Scrip_Name>
	<NSE_Symbol>UPL</NSE_Symbol>
	<MWPL_Limit>110086956</MWPL_Limit>
	<Open_Interest>26573300</Open_Interest>
	<Limit_for_Next_Day></Limit_for_Next_Day>
</MWPL>
<MWPL>
	<Date>07-MAY-2021</Date>
	<ISIN>INE028A01039</ISIN>
	<Scrip_Name>BANK OF BARODA</Scrip_Name>
	<NSE_Symbol>BANKBARODA</NSE_Symbol>
	<MWPL_Limit>372635498</MWPL_Limit>
	<Open_Interest>168854400</Open_Interest>
	<Limit_for_Next_Day></Limit_for_Next_Day>
</MWPL>
<MWPL>
	<Date>07-MAY-2021</Date>
	<ISIN>INE883A01011</ISIN>
	<Scrip_Name>MRF LTD</Scrip_Name>
	<NSE_Symbol>MRF</NSE_Symbol>
	<MWPL_Limit>612089</MWPL_Limit>
	<Open_Interest>53140</Open_Interest>
	<Limit_for_Next_Day></Limit_for_Next_Day>
</MWPL>
<MWPL>
	<Date>07-MAY-2021</Date>
	<ISIN>INE079A01024</ISIN>
	<Scrip_Name>AMBUJA CEMENTS LTD</Scrip_Name>
	<NSE_Symbol>AMBUJACEM</NSE_Symbol>
	<MWPL_Limit>145350001</MWPL_Limit>
	<Open_Interest>30684000</Open_Interest>
	<Limit_for_Next_Day></Limit_for_Next_Day>
</MWPL>
<MWPL>
	<Date>07-MAY-2021</Date>
	<ISIN>INE603J01030</ISIN>
	<Scrip_Name>PI INDUSTRIES LTD</Scrip_Name>
	<NSE_Symbol>PIIND</NSE_Symbol>
	<MWPL_Limit>16141225</MWPL_Limit>
	<Open_Interest>489500</Open_Interest>
	<Limit_for_Next_Day></Limit_for_Next_Day>
</MWPL>
<MWPL>
	<Date>07-MAY-2021</Date>
	<ISIN>INE176B01034</ISIN>
	<Scrip_Name>HAVELLS INDIA LIMITED</Scrip_Name>
	<NSE_Symbol>HAVELLS</NSE_Symbol>
	<MWPL_Limit>50637052</MWPL_Limit>
	<Open_Interest>5411500</Open_Interest>
	<Limit_for_Next_Day></Limit_for_Next_Day>
</MWPL>
<MWPL>
	<Date>07-MAY-2021</Date>
	<ISIN>INE765G01017</ISIN>
	<Scrip_Name>ICICI LOMBARD GIC LIMITED</Scrip_Name>
	<NSE_Symbol>ICICIGI</NSE_Symbol>
	<MWPL_Limit>43750139</MWPL_Limit>
	<Open_Interest>1300500</Open_Interest>
	<Limit_for_Next_Day></Limit_for_Next_Day>
</MWPL>
<MWPL>
	<Date>07-MAY-2021</Date>
	<ISIN>INE257A01026</ISIN>
	<Scrip_Name>BHEL</Scrip_Name>
	<NSE_Symbol>BHEL</NSE_Symbol>
	<MWPL_Limit>256482590</MWPL_Limit>
	<Open_Interest>241132500</Open_Interest>
	<Limit_for_Next_Day></Limit_for_Next_Day>
</MWPL>
<MWPL>
	<Date>07-MAY-2021</Date>
	<ISIN>INE685A01028</ISIN>
	<Scrip_Name>TORRENT PHARMACEUTICALS L</Scrip_Name>
	<NSE_Symbol>TORNTPHARM</NSE_Symbol>
	<MWPL_Limit>9731600</MWPL_Limit>
	<Open_Interest>1134500</Open_Interest>
	<Limit_for_Next_Day></Limit_for_Next_Day>
</MWPL>
<MWPL>
	<Date>07-MAY-2021</Date>
	<ISIN>INE494B01023</ISIN>
	<Scrip_Name>TVS MOTOR COMPANY  LTD</Scrip_Name>
	<NSE_Symbol>TVSMOTOR</NSE_Symbol>
	<MWPL_Limit>40480865</MWPL_Limit>
	<Open_Interest>8961400</Open_Interest>
	<Limit_for_Next_Day></Limit_for_Next_Day>
</MWPL>
<MWPL>
	<Date>07-MAY-2021</Date>
	<ISIN>INE242A01010</ISIN>
	<Scrip_Name>INDIAN OIL CORP LTD</Scrip_Name>
	<NSE_Symbol>IOC</NSE_Symbol>
	<MWPL_Limit>913205148</MWPL_Limit>
	<Open_Interest>109128500</Open_Interest>
	<Limit_for_Next_Day></Limit_for_Next_Day>
</MWPL>
<MWPL>
	<Date>07-MAY-2021</Date>
	<ISIN>INE018A01030</ISIN>
	<Scrip_Name>LARSEN & TOUBRO LTD.</Scrip_Name>
	<NSE_Symbol>LT</NSE_Symbol>
	<MWPL_Limit>276858711</MWPL_Limit>
	<Open_Interest>21451525</Open_Interest>
	<Limit_for_Next_Day></Limit_for_Next_Day>
</MWPL>
<MWPL>
	<Date>07-MAY-2021</Date>
	<ISIN>INE139A01034</ISIN>
	<Scrip_Name>NATIONAL ALUMINIUM CO LTD</Scrip_Name>
	<NSE_Symbol>NATIONALUM</NSE_Symbol>
	<MWPL_Limit>178967755</MWPL_Limit>
	<Open_Interest>194888000</Open_Interest>
	<Limit_for_Next_Day></Limit_for_Next_Day>
</MWPL>
<MWPL>
	<Date>07-MAY-2021</Date>
	<ISIN>INE776C01039</ISIN>
	<Scrip_Name>GMR INFRASTRUCTURE LTD.</Scrip_Name>
	<NSE_Symbol>GMRINFRA</NSE_Symbol>
	<MWPL_Limit>451415219</MWPL_Limit>
	<Open_Interest>176602500</Open_Interest>
	<Limit_for_Next_Day></Limit_for_Next_Day>
</MWPL>
<MWPL>
	<Date>07-MAY-2021</Date>
	<ISIN>INE029A01011</ISIN>
	<Scrip_Name>BHARAT PETROLEUM CORP  LT</Scrip_Name>
	<NSE_Symbol>BPCL</NSE_Symbol>
	<MWPL_Limit>195338025</MWPL_Limit>
	<Open_Interest>74260800</Open_Interest>
	<Limit_for_Next_Day></Limit_for_Next_Day>
</MWPL>
<MWPL>
	<Date>07-MAY-2021</Date>
	<ISIN>INE774D01024</ISIN>
	<Scrip_Name>M&M FIN. SERVICES LTD</Scrip_Name>
	<NSE_Symbol>M&MFIN</NSE_Symbol>
	<MWPL_Limit>117513126</MWPL_Limit>
	<Open_Interest>57272000</Open_Interest>
	<Limit_for_Next_Day></Limit_for_Next_Day>
</MWPL>
<MWPL>
	<Date>07-MAY-2021</Date>
	<ISIN>INE288B01029</ISIN>
	<Scrip_Name>DEEPAK NITRITE LTD</Scrip_Name>
	<NSE_Symbol>DEEPAKNTR</NSE_Symbol>
	<MWPL_Limit>14814614</MWPL_Limit>
	<Open_Interest>3557000</Open_Interest>
	<Limit_for_Next_Day></Limit_for_Next_Day>
</MWPL>
<MWPL>
	<Date>07-MAY-2021</Date>
	<ISIN>INE726G01019</ISIN>
	<Scrip_Name>ICICI PRU LIFE INS CO LTD</Scrip_Name>
	<NSE_Symbol>ICICIPRULI</NSE_Symbol>
	<MWPL_Limit>76170289</MWPL_Limit>
	<Open_Interest>10968000</Open_Interest>
	<Limit_for_Next_Day></Limit_for_Next_Day>
</MWPL>
<MWPL>
	<Date>07-MAY-2021</Date>
	<ISIN>INE769A01020</ISIN>
	<Scrip_Name>AARTI INDUSTRIES LTD</Scrip_Name>
	<NSE_Symbol>AARTIIND</NSE_Symbol>
	<MWPL_Limit>18530526</MWPL_Limit>
	<Open_Interest>1651550</Open_Interest>
	<Limit_for_Next_Day></Limit_for_Next_Day>
</MWPL>
<MWPL>
	<Date>07-MAY-2021</Date>
	<ISIN>INE438A01022</ISIN>
	<Scrip_Name>APOLLO TYRES LTD</Scrip_Name>
	<NSE_Symbol>APOLLOTYRE</NSE_Symbol>
	<MWPL_Limit>67013829</MWPL_Limit>
	<Open_Interest>28960000</Open_Interest>
	<Limit_for_Next_Day></Limit_for_Next_Day>
</MWPL>
<MWPL>
	<Date>07-MAY-2021</Date>
	<ISIN>INE020B01018</ISIN>
	<Scrip_Name>REC LIMITED</Scrip_Name>
	<NSE_Symbol>RECLTD</NSE_Symbol>
	<MWPL_Limit>187084550</MWPL_Limit>
	<Open_Interest>24348000</Open_Interest>
	<Limit_for_Next_Day></Limit_for_Next_Day>
</MWPL>
<MWPL>
	<Date>07-MAY-2021</Date>
	<ISIN>INE361B01024</ISIN>
	<Scrip_Name>DIVI'S LABORATORIES LTD</Scrip_Name>
	<NSE_Symbol>DIVISLAB</NSE_Symbol>
	<MWPL_Limit>25513876</MWPL_Limit>
	<Open_Interest>3472000</Open_Interest>
	<Limit_for_Next_Day></Limit_for_Next_Day>
</MWPL>
<MWPL>
	<Date>07-MAY-2021</Date>
	<ISIN>INE465A01025</ISIN>
	<Scrip_Name>BHARAT FORGE LTD</Scrip_Name>
	<NSE_Symbol>BHARATFORG</NSE_Symbol>
	<MWPL_Limit>50505198</MWPL_Limit>
	<Open_Interest>8386500</Open_Interest>
	<Limit_for_Next_Day></Limit_for_Next_Day>
</MWPL>
<MWPL>
	<Date>07-MAY-2021</Date>
	<ISIN>INE302A01020</ISIN>
	<Scrip_Name>EXIDE INDUSTRIES LTD</Scrip_Name>
	<NSE_Symbol>EXIDEIND</NSE_Symbol>
	<MWPL_Limit>91809066</MWPL_Limit>
	<Open_Interest>21758400</Open_Interest>
	<Limit_for_Next_Day></Limit_for_Next_Day>
</MWPL>
<MWPL>
	<Date>07-MAY-2021</Date>
	<ISIN>INE176A01028</ISIN>
	<Scrip_Name>BATA INDIA LTD</Scrip_Name>
	<NSE_Symbol>BATAINDIA</NSE_Symbol>
	<MWPL_Limit>12092405</MWPL_Limit>
	<Open_Interest>2012450</Open_Interest>
	<Limit_for_Next_Day></Limit_for_Next_Day>
</MWPL>
<MWPL>
	<Date>07-MAY-2021</Date>
	<ISIN>INE463A01038</ISIN>
	<Scrip_Name>BERGER PAINTS (I) LTD</Scrip_Name>
	<NSE_Symbol>BERGEPAINT</NSE_Symbol>
	<MWPL_Limit>48595067</MWPL_Limit>
	<Open_Interest>3282400</Open_Interest>
	<Limit_for_Next_Day></Limit_for_Next_Day>
</MWPL>
<MWPL>
	<Date>07-MAY-2021</Date>
	<ISIN>INE423A01024</ISIN>
	<Scrip_Name>ADANI ENTERPRISES LIMITED</Scrip_Name>
	<NSE_Symbol>ADANIENT</NSE_Symbol>
	<MWPL_Limit>55169320</MWPL_Limit>
	<Open_Interest>19560000</Open_Interest>
	<Limit_for_Next_Day></Limit_for_Next_Day>
</MWPL>
<MWPL>
	<Date>07-MAY-2021</Date>
	<ISIN>INE742F01042</ISIN>
	<Scrip_Name>ADANI PORT & SEZ LTD</Scrip_Name>
	<NSE_Symbol>ADANIPORTS</NSE_Symbol>
	<MWPL_Limit>147352148</MWPL_Limit>
	<Open_Interest>92472500</Open_Interest>
	<Limit_for_Next_Day></Limit_for_Next_Day>
</MWPL>
<MWPL>
	<Date>07-MAY-2021</Date>
	<ISIN>INE669C01036</ISIN>
	<Scrip_Name>TECH MAHINDRA LIMITED</Scrip_Name>
	<NSE_Symbol>TECHM</NSE_Symbol>
	<MWPL_Limit>124393922</MWPL_Limit>
	<Open_Interest>16581000</Open_Interest>
	<Limit_for_Next_Day></Limit_for_Next_Day>
</MWPL>
<MWPL>
	<Date>07-MAY-2021</Date>
	<ISIN>INE081A01012</ISIN>
	<Scrip_Name>TATA STEEL LIMITED</Scrip_Name>
	<NSE_Symbol>TATASTEEL</NSE_Symbol>
	<MWPL_Limit>157953668</MWPL_Limit>
	<Open_Interest>88418700</Open_Interest>
	<Limit_for_Next_Day></Limit_for_Next_Day>
</MWPL>
<MWPL>
	<Date>07-MAY-2021</Date>
	<ISIN>INE030A01027</ISIN>
	<Scrip_Name>HINDUSTAN UNILEVER LTD.</Scrip_Name>
	<NSE_Symbol>HINDUNILVR</NSE_Symbol>
	<MWPL_Limit>179030992</MWPL_Limit>
	<Open_Interest>10953000</Open_Interest>
	<Limit_for_Next_Day></Limit_for_Next_Day>
</MWPL>
<MWPL>
	<Date>07-MAY-2021</Date>
	<ISIN>INE101A01026</ISIN>
	<Scrip_Name>MAHINDRA & MAHINDRA LTD</Scrip_Name>
	<NSE_Symbol>M&M</NSE_Symbol>
	<MWPL_Limit>184564964</MWPL_Limit>
	<Open_Interest>14879900</Open_Interest>
	<Limit_for_Next_Day></Limit_for_Next_Day>
</MWPL>
<MWPL>
	<Date>07-MAY-2021</Date>
	<ISIN>INE019A01038</ISIN>
	<Scrip_Name>JSW STEEL LIMITED</Scrip_Name>
	<NSE_Symbol>JSWSTEEL</NSE_Symbol>
	<MWPL_Limit>268092761</MWPL_Limit>
	<Open_Interest>53207550</Open_Interest>
	<Limit_for_Next_Day></Limit_for_Next_Day>
</MWPL>
<MWPL>
	<Date>07-MAY-2021</Date>
	<ISIN>INE059A01026</ISIN>
	<Scrip_Name>CIPLA LTD</Scrip_Name>
	<NSE_Symbol>CIPLA</NSE_Symbol>
	<MWPL_Limit>101880355</MWPL_Limit>
	<Open_Interest>31374200</Open_Interest>
	<Limit_for_Next_Day></Limit_for_Next_Day>
</MWPL>
<MWPL>
	<Date>07-MAY-2021</Date>
	<ISIN>INE259A01022</ISIN>
	<Scrip_Name>COLGATE PALMOLIVE LTD.</Scrip_Name>
	<NSE_Symbol>COLPAL</NSE_Symbol>
	<MWPL_Limit>26654592</MWPL_Limit>
	<Open_Interest>3984050</Open_Interest>
	<Limit_for_Next_Day></Limit_for_Next_Day>
</MWPL>
<MWPL>
	<Date>07-MAY-2021</Date>
	<ISIN>INE094A01015</ISIN>
	<Scrip_Name>HINDUSTAN PETROLEUM CORP</Scrip_Name>
	<NSE_Symbol>HINDPETRO</NSE_Symbol>
	<MWPL_Limit>135400042</MWPL_Limit>
	<Open_Interest>36193500</Open_Interest>
	<Limit_for_Next_Day></Limit_for_Next_Day>
</MWPL>
<MWPL>
	<Date>07-MAY-2021</Date>
	<ISIN>INE540L01014</ISIN>
	<Scrip_Name>ALKEM LABORATORIES LTD.</Scrip_Name>
	<NSE_Symbol>ALKEM</NSE_Symbol>
	<MWPL_Limit>9526537</MWPL_Limit>
	<Open_Interest>393600</Open_Interest>
	<Limit_for_Next_Day></Limit_for_Next_Day>
</MWPL>
<MWPL>
	<Date>07-MAY-2021</Date>
	<ISIN>INE298A01020</ISIN>
	<Scrip_Name>CUMMINS INDIA LTD</Scrip_Name>
	<NSE_Symbol>CUMMINSIND</NSE_Symbol>
	<MWPL_Limit>27165463</MWPL_Limit>
	<Open_Interest>1170600</Open_Interest>
	<Limit_for_Next_Day></Limit_for_Next_Day>
</MWPL>
<MWPL>
	<Date>07-MAY-2021</Date>
	<ISIN>INE196A01026</ISIN>
	<Scrip_Name>MARICO LIMITED</Scrip_Name>
	<NSE_Symbol>MARICO</NSE_Symbol>
	<MWPL_Limit>104064465</MWPL_Limit>
	<Open_Interest>18572000</Open_Interest>
	<Limit_for_Next_Day></Limit_for_Next_Day>
</MWPL>
<MWPL>
	<Date>07-MAY-2021</Date>
	<ISIN>INE901L01018</ISIN>
	<Scrip_Name>ALEMBIC PHARMA LTD</Scrip_Name>
	<NSE_Symbol>APLLTD</NSE_Symbol>
	<MWPL_Limit>11999222</MWPL_Limit>
	<Open_Interest>1730300</Open_Interest>
	<Limit_for_Next_Day></Limit_for_Next_Day>
</MWPL>
</MWPL_Viols>
